t_ms,e1,e2,e3,e4,e5,e6,e7
0.0,0.03185763702109448,0.028163993244093955,0.029797500238533794,0.03381770510332393,0.03632785222421737,0.03381770510332393,0.029797500238533794
0.025,0.03183311466706362,0.027980445429458923,0.029665549863040746,0.03387529820196564,0.03656318864419879,0.03387529820196564,0.029665549863040746
0.05,0.03170254391459687,0.027638728549788404,0.029374377194593706,0.03382484120480618,0.03679332951873858,0.03382484120480618,0.029374377194593706
0.07500000000000001,0.032235567387744524,0.027810937730877925,0.029617449232777662,0.03444962815832014,0.03790173169643493,0.03444962815832014,0.029617449232777662
0.1,0.03393090887008461,0.028939355732095853,0.030838696615525397,0.036237721264570436,0.040436256176879244,0.036237721264570436,0.030838696615525397
0.125,0.03694782179542118,0.031178120432243772,0.03317631742185465,0.039321434649310205,0.04453599777550917,0.039321434649310205,0.03317631742185465
0.15000000000000002,0.041204015894632955,0.03447707725217642,0.03655693133669218,0.04359016710367607,0.05005640987426637,0.04359016710367607,0.03655693133669218
0.17500000000000002,0.046495495652070847,0.03868125241216795,0.04080441168275137,0.04882063707802862,0.05672066407747142,0.04882063707802862,0.04080441168275136
0.2,0.0525739740515371,0.04359268589079511,0.04570614468576438,0.054756759116474256,0.06421759311252766,0.054756759116474256,0.04570614468576438
0.225,0.05918453022883656,0.04899961413778583,0.051042322206121864,0.061144258054888226,0.07224725425105857,0.06114425805488823,0.05104232220612186
0.25,0.06608923496378034,0.05469645060742514,0.05660411440252885,0.06774973570434523,0.08054482441980611,0.06774973570434523,0.05660411440252885
0.275,0.07309543898247617,0.06051034630843651,0.062218557947678214,0.07438573277970066,0.08890692481566,0.07438573277970066,0.06221855794767821
0.30000000000000004,0.08008713153158302,0.0663315744380043,0.06777810305619872,0.08094091581600545,0.09722124261330055,0.08094091581600546,0.06777810305619872
0.325,0.08704079717364846,0.07213009491611094,0.07325658187040467,0.08739576470419215,0.10548006184469859,0.08739576470419215,0.07325658187040467
0.35000000000000003,0.09401104365378236,0.07794463710538205,0.07869713134549507,0.0938076861093693,0.11376148912971729,0.0938076861093693,0.07869713134549507
0.375,0.1010942060758589,0.08385153947822228,0.08417939912867341,0.10027354114535576,0.12218729610961906,0.10027354114535576,0.08417939912867341
0.4,0.10839358740013566,0.08993452282742728,0.08978803552346418,0.10689402834749101,0.13088356656540795,0.10689402834749102,0.08978803552346416
0.42500000000000004,0.11600152812508742,0.0962690158388625,0.09559660437497075,0.1137556526658661,0.13996089656014046,0.11375565266586611,0.09559660437497075
0.45,0.12399643120985243,0.10291945980137425,0.10166512066315185,0.12092816718762575,0.14951171950546094,0.12092816718762575,0.10166512066315185
0.47500000000000003,0.1324461848465023,0.10994212597006121,0.1080432658116421,0.12846842582368778,0.15961480958687213,0.12846842582368778,0.10804326581164209
0.5,0.14141233670082923,0.11738858966060725,0.1147741313733578,0.13642473343912628,0.17034037343629196,0.13642473343912628,0.11477413137335779
0.525,0.15095322715317752,0.1253083885437256,0.12189695276619236,0.14483989376122408,0.18175361399539278,0.14483989376122408,0.12189695276619236
0.55,0.16112592740373388,0.1337507800194208,0.12944878452673483,0.1537528920242151,0.19391661015009157,0.15375289202421513,0.12944878452673483
0.5750000000000001,0.17198717115571902,0.1427657633263536,0.1374653378414936,0.16319948791651145,0.2068887976279587,0.16319948791651145,0.1374653378414936
0.6000000000000001,0.18359348487633503,0.15240452141562277,0.1459811790461765,0.17321197606020253,0.22072635572286825,0.17321197606020253,0.14598117904617647
0.625,0.1960006903772247,0.16271940979792388,0.1550294415196438,0.18381830620221673,0.23548073604967956,0.18381830620221676,0.1550294415196438
0.65,0.20926290348680004,0.17376359045859577,0.16464115724872266,0.19504068219678541,0.25119646771149123,0.19504068219678547,0.16464115724872266
0.675,0.22343108758428823,0.18559037237890524,0.17484426575066445,0.2068936831547341,0.26790825684626657,0.20689368315473414,0.17484426575066445
0.7000000000000001,0.23855115053077725,0.1982522786061189,0.1856623103655075,0.21938187981514956,0.28563728498477126,0.2193818798151496,0.18566231036550748
0.7250000000000001,0.25466150656240133,0.21179981810566473,0.19711278933935142,0.23249685975666462,0.3043865095116068,0.23249685975666462,0.19711278933935134
0.75,0.2717899639224689,0.22627990162479908,0.20920509301500803,0.24621352702146826,0.32413468069254325,0.24621352702146826,0.209205093015008
0.775,0.28994974240059684,0.24173380444042133,0.22193792760483205,0.2604855023393045,0.3448287073429606,0.26048550233930456,0.22193792760483202
0.8,0.30913436794773363,0.25819454307555983,0.23529609799686074,0.2752394162202087,0.3663739205608089,0.2752394162202087,0.23529609799686066
0.8250000000000001,0.3293111291741728,0.27568349479509,0.24924649445369595,0.29036785736563814,0.38862169867238483,0.2903678573656382,0.2492464944536959
0.8500000000000001,0.350412709004864,0.2942060446620531,0.2637330994322148,0.3057207152585491,0.41135383023332506,0.3057207152585491,0.2637330994322147
0.875,0.372326522725744,0.31374599216008764,0.2786708011437863,0.32109464566566087,0.4342629204399096,0.3210946456656609,0.27867080114378623
0.9,0.39488120392199366,0.3342583855626586,0.2939377721729472,0.3362204055905185,0.456928122310319,0.3362204055905186,0.29393777217294714
0.925,0.41782959217470117,0.35566037632681813,0.3093661500358721,0.3507478748073633,0.4787855583714379,0.3507478748073633,0.30936615003587203
0.9500000000000001,0.44082751250277885,0.3778195991342,0.32473075252984834,0.36422874406883,0.4990930957348836,0.36422874406883005,0.3247307525298483
0.9750000000000001,0.46340763799892204,0.40053949149848583,0.33973559226526956,0.37609716494556256,0.5168898151621136,0.3760971649455626,0.3397355922652695
1.0,0.4849478678309496,0.423540883783435,0.35399805145640867,0.38564920710628975,0.5309518243435161,0.3856492071062898,0.35399805145640856
1.0250000000000001,0.5046340563993137,0.4464391437250406,0.36703078577226134,0.39202286466518554,0.5397483496600584,0.3920228646651856,0.3670307857722613
1.05,0.5214177903174567,0.4687162004452329,0.3782218124043139,0.39418171661041446,0.5414056997263259,0.3941817166104145,0.37822181240431385
1.075,0.5339715112099042,0.4896869906522429,0.38681389553577844,0.39090727793649177,0.5336920619537188,0.3909072779364919,0.38681389553577844
1.1,0.5406459942444031,0.5084604102857134,0.3918853879865198,0.3808075786468703,0.5140431468074007,0.3808075786468704,0.39188538798651973
1.125,0.5394394149022368,0.5238959422952437,0.3923362416826502,0.3623523382912283,0.47965651707394846,0.3623523382912284,0.39233624168265013
1.1500000000000001,0.5279932282997234,0.5345590811463155,0.3868850391866496,0.3339475773923625,0.42768842169095234,0.33394757739236264,0.38688503918664957
1.175,0.5036375976838785,0.5386818776921913,0.3740855602844384,0.29406324997234423,0.3555859192765134,0.29406324997234434,0.3740855602844384
1.2000000000000002,0.4635167551776271,0.5341397598199853,0.35237421264662144,0.24142429425180853,0.26157104950519905,0.24142429425180859,0.35237421264662133
1.225,0.4048290677796091,0.5184623734460609,0.3201617224967919,0.17526561106023844,0.14525402441036855,0.17526561106023858,0.3201617224967918
1.25,0.3252115504763707,0.488903961474687,0.2759821399350119,0.09563263269976194,0.008285642622715647,0.09563263269976206,0.2759821399350118
1.2750000000000001,0.22327548964166838,0.4426057517327218,0.21870700157142767,0.0036818241180155177,-0.14512181172166522,0.0036818241180156287,0.21870700157142758
1.3,0.0992508272488481,0.37688462814142554,0.14781963568776854,-0.09809418833546667,-0.30803418412808115,-0.09809418833546661,0.14781963568776846
1.3250000000000002,-0.04437737307559705,0.2896718026834255,0.06372248129736581,-0.20581074485873313,-0.4712066569041315,-0.20581074485873319,0.06372248129736574
1.35,-0.20243681786612627,0.18009330963465878,-0.03197891704395454,-0.31438835424183204,-0.6241448255615483,-0.3143883542418319,-0.031978917043954565
1.375,-0.3670775730740858,0.049125031947149504,-0.13629918355197834,-0.41803589123234347,-0.756665361046147,-0.41803589123234347,-0.1362991835519784
1.4000000000000001,-0.5284081658536927,-0.09982452929940812,-0.24489807177334644,-0.5109668308091516,-0.8605760718225526,-0.5109668308091516,-0.24489807177334638
1.425,-0.6757704883436461,-0.2606209312085476,-0.35237785290255064,-0.5882045616255496,-0.9309925600879108,-0.5882045616255496,-0.35237785290255075
1.4500000000000002,-0.7994166448091501,-0.42462760388293247,-0.45285891960498426,-0.6462803625721703,-0.9669104996109785,-0.6462803625721704,-0.45285891960498414
1.475,-0.8921420852330206,-0.5815773444331127,-0.5407474010089749,-0.6836461731960033,-0.9709202347946707,-0.6836461731960035,-0.5407474010089748
1.5,-0.9503899666693597,-0.7210151706808472,-0.6115261464296743,-0.700711748729865,-0.9482473939074874,-0.7007117487298652,-0.6115261464296742
1.5250000000000001,-0.9745178864919405,-0.8339930330166301,-0.6623703228179586,-0.6995334019725425,-0.9054861596808146,-0.6995334019725427,-0.6623703228179584
1.55,-0.9682260015897434,-0.9145439033494662,-0.6924335240975693,-0.6832768463162457,-0.8493998735807503,-0.6832768463162459,-0.6924335240975692
1.5750000000000002,-0.9374237649752443,-0.9605019530921052,-0.7027540206647989,-0.6556143429504073,-0.7860379006867366,-0.6556143429504075,-0.7027540206647986
1.6,-0.8889340645973199,-0.9734652725921679,-0.695846622179165,-0.6201943100625421,-0.720250712155118,-0.6201943100625422,-0.6958466221791648
1.625,-0.8293793684051408,-0.958003023859474,-0.6751235896833294,-0.5802641181072384,-0.6555549162474538,-0.5802641181072384,-0.6751235896833293
1.6500000000000001,-0.7644380013057598,-0.920437305438373,-0.6443034156999776,-0.5384652053859649,-0.5942371880725253,-0.538465205385965,-0.6443034156999774
1.675,-0.6984963192000452,-0.8675898687582063,-0.6069280649238857,-0.4967754305516912,-0.537581097453353,-0.4967754305516913,-0.6069280649238856
1.7000000000000002,-0.6346158898316756,-0.8057889176311529,-0.5660468357098801,-0.45655324046389656,-0.48612758847306387,-0.45655324046389667,-0.56604683570988
1.725,-0.5746962378711127,-0.740266433276707,-0.5240677195103864,-0.41863725863459156,-0.43991477607898055,-0.41863725863459167,-0.5240677195103864
1.75,-0.5197240604218337,-0.6749296829935816,-0.4827412615916488,-0.3834646788573289,-0.3986722341756082,-0.38346467885732893,-0.4827412615916487
1.7750000000000001,-0.4700321313187346,-0.6124073265911265,-0.4432292952091099,-0.35118476817969774,-0.36196456576609615,-0.3511847681796978,-0.4432292952091098
1.8,-0.4255252504160297,-0.5542509045289415,-0.4062147745058655,-0.32175523004191703,-0.32928954677649713,-0.32175523004191703,-0.4062147745058655
1.8250000000000002,-0.3858567398104402,-0.5011927208173038,-0.37202057138421857,-0.2950173500613176,-0.30014021722026996,-0.2950173500613176,-0.3720205713842185
1.85,-0.35055507440404726,-0.45339557840384664,-0.3407178824076951,-0.27075072052558563,-0.27404065643332026,-0.27075072052558563,-0.34071788240769507
1.875,-0.3191080715205829,-0.41066177869023623,-0.3122152823856671,-0.24871067421296697,-0.2505638060168888,-0.24871067421296703,-0.3122152823856671
1.9000000000000001,-0.29101450935157813,-0.37259143687031976,-0.28632641750503945,-0.22865225311254353,-0.22933779901390153,-0.22865225311254359,-0.28632641750503945
1.925,-0.26581258043292744,-0.33869312080408,-0.26281820559263264,-0.21034433442516717,-0.21004543085889293,-0.21034433442516723,-0.26281820559263264
1.9500000000000002,-0.2430929052954772,-0.3084554942670657,-0.24144306807485547,-0.19357694078471777,-0.1924199115703672,-0.19357694078471782,-0.24144306807485547
1.975,-0.2225018985116577,-0.2813898583744485,-0.22195902208823234,-0.1781640719946806,-0.17623891602518546,-0.1781640719946806,-0.22195902208823234
2.0,-0.20373955180655098,-0.25705246191276776,-0.20414107225786507,-0.16394376167596691,-0.16131815751464154,-0.16394376167596694,-0.20414107225786507
2.025,-0.1865543332244027,-0.2350536134355762,-0.1877866867398855,-0.15077654254651393,-0.14750517827544268,-0.15077654254651393,-0.18778668673988544
2.0500000000000003,-0.17073690177274287,-0.2150587398745798,-0.17271745991816856,-0.13854310746305268,-0.134673709119881,-0.13854310746305268,-0.17271745991816856
2.075,-0.15611364531629335,-0.19678493103152486,-0.1587784664742283,-0.1271416658427041,-0.12271874034539906,-0.1271416658427041,-0.15877846647422827
2.1,-0.14254059256178883,-0.17999527736216958,-0.1458363353690725,-0.11648529498213575,-0.11155232365676963,-0.11648529498213578,-0.1458363353690725
2.125,-0.1298979608946508,-0.16449242533808087,-0.13377671597768165,-0.10649945143726144,-0.10110005844524501,-0.10649945143726147,-0.13377671597768165
2.15,-0.11808542729240312,-0.15011217366296625,-0.1225015542750764,-0.09711972057452772,-0.09129818403716987,-0.09711972057452772,-0.1225015542750764
2.1750000000000003,-0.10701811035181945,-0.13671754272144548,-0.11192642254292862,-0.08828982835406521,-0.08209118849271466,-0.08828982835406521,-0.11192642254292862
2.2,-0.09662320053534022,-0.12419350706276511,-0.10197803131455144,-0.07995990809005185,-0.07342984562551017,-0.07995990809005185,-0.10197803131455144
2.225,-0.08683715560640776,-0.11244243947811293,-0.09259198127519759,-0.07208499975771279,-0.06526960053555872,-0.07208499975771279,-0.09259198127519759
2.25,-0.07760337908736038,-0.10138024299550093,-0.08371077490486414,-0.06462375727108023,-0.057569238822045295,-0.06462375727108023,-0.08371077490486414
2.275,-0.06887031830471087,-0.0909331248517311,-0.0752820979782894,-0.05753735074543653,-0.05028979790187663,-0.05753735074543653,-0.0752820979782894
2.3000000000000003,-0.06058995890236125,-0.08103498757246504,-0.06725740172815914,-0.05078858167916047,-0.043393717017384474,-0.05078858167916047,-0.06725740172815914
2.325,-0.05271676656578289,-0.07162548281151777,-0.059590878419639205,-0.04434129166294757,-0.03684428832703635,-0.044341291662947584,-0.05959087841963919
2.35,-0.0452072562977879,-0.06264891354993167,-0.052239048159230785,-0.03816026119033968,-0.03060558617234989,-0.03816026119033968,-0.052239048159230785
2.375,-0.03802058707178816,-0.05405441224341921,-0.045161395541937384,-0.032211995126381246,-0.02464324507099282,-0.032211995126381246,-0.045161395541937384
2.4000000000000004,-0.031120914296576582,-0.045798196470584376,-0.0383228407818535,-0.02646710341804264,-0.01892675652351187,-0.02646710341804264,-0.0383228407818535
2.4250000000000003,-0.0244826519102091,-0.03784917026845857,-0.03169926577603573,-0.020905379937738923,-0.013434332860752652,-0.020905379937738923,-0.03169926577603573
2.45,-0.01810002584390982,-0.030199387600743966,-0.025287550454842843,-0.015524901343784467,-0.008161599113245458,-0.015524901343784467,-0.025287550454842843
2.475,-0.012001467639430769,-0.02287994255032487,-0.01912068701035505,-0.01035568820910257,-0.0031346388232648785,-0.01035568820910257,-0.01912068701035505
2.5,-0.006265825019798823,-0.015978824781472865,-0.013284764315846865,-0.005475108487095441,0.001575271374196905,-0.005475108487095441,-0.013284764315846865
2.5250000000000004,-0.0010298648932943219,-0.009648869315248339,-0.007926707044770732,-0.001015124559989615,0.005844636875729234,-0.001015124559989615,-0.007926707044770732
2.5500000000000003,0.003531069256539926,-0.004085467158347611,-0.003233656293858538,0.0028557305670696754,0.009514713258865397,0.0028557305670696754,-0.003233656293858538
2.575,0.007261589432331602,0.0005396201435889879,0.0006289462933590705,0.005987372734060999,0.012443675462895216,0.005987372734061006,0.0006289462933590635
2.6,0.010104000658834298,0.0041655667761370035,0.0035993646375624797,0.00832148410927608,0.014576309428765618,0.00832148410927608,0.0035993646375624797
2.625,0.012137200017619271,0.006885549109490796,0.005760376964150483,0.009928483100255408,0.01597932589784088,0.009928483100255408,0.005760376964150476
2.6500000000000004,0.013534214093881489,0.008898114088660211,0.007294150220177724,0.010967932255000689,0.016803980250536744,0.010967932255000689,0.007294150220177717
2.6750000000000003,0.014473035572099254,0.010406390708672462,0.008387970878706665,0.011604798295149004,0.017206640053521443,0.011604798295149004,0.008387970878706665
2.7,0.015077126017301781,0.011551241454455628,0.009171502275196388,0.011953415931458917,0.017295516672285263,0.011953415931458917,0.009171502275196388
2.725,0.015412752833298658,0.012408645380097982,0.009714137685617318,0.012074859082671583,0.017128060886658948,0.01207485908267159,0.009714137685617304
2.75,0.015512545958197928,0.013016537866754413,0.01005001018256006,0.011999023589478418,0.016731852763999393,0.011999023589478418,0.010050010182560054
2.7750000000000004,0.015394675116669303,0.013396568325358989,0.01019832103268854,0.011742647850518914,0.01612167975634533,0.011742647850518914,0.01019832103268854
2.8000000000000003,0.015071522251803752,0.013563928887684675,0.01017253888591789,0.011317482816197322,0.01530729159951676,0.011317482816197322,0.01017253888591789
2.825,0.014552557999042069,0.013530612532019,0.009983461683674295,0.010733019912051,0.01429600595277182,0.010733019912051004,0.009983461683674288
2.85,0.013845186139658568,0.013306362391920522,0.0096401218121261,0.009997309064489552,0.013093516975916635,0.009997309064489552,0.009640121812126094
2.875,0.012954984329351665,0.012898921188163801,0.009150039607529165,0.009117209358438048,0.011704186881978045,0.009117209358438055,0.009150039607529158
2.9000000000000004,0.011885783768657697,0.012314069778831937,0.008519285383518493,0.008098490910202536,0.010131226663520655,0.00809849091020254,0.008519285383518493
2.9250000000000003,0.010639760703861271,0.011555637078283047,0.0077525238838667115,0.006945953365013048,0.008376933000835607,0.006945953365013055,0.0077525238838667115
2.95,0.009217631122108525,0.010625573128182417,0.0068531293855681194,0.005663648397360955,0.0064430736810716675,0.005663648397360955,0.0068531293855681125
2.975,0.007618996306566742,0.009524131991215174,0.005823415173264459,0.004255249745628607,0.00433147026730855,0.00425524974562861,0.0058234151732644525
3.0,0.0058428541900717,0.008250179453550903,0.004664988662293243,0.0027245801709080758,0.002044791736241856,0.0027245801709080758,0.004664988662293236
3.0250000000000004,0.003888268569283182,0.006801619264459319,0.0033792210551058335,0.0010762800923652303,-0.0004124530198235938,0.0010762800923652303,0.0033792210551058335
3.0500000000000003,0.0017551770536580794,0.0051759217400241826,0.0019678094693054947,-0.0006834101806334952,-0.00303274986142329,-0.0006834101806334952,0.0019678094693054947
3.075,-0.0005546816915092341,0.0033707389766067727,0.0004334090734577895,-0.0025457844081258926,-0.005804270013481291,-0.002545784408125891,0.0004334090734577895
3.1,-0.003036734149428867,0.001384598104208978,-0.0012196807433807182,-0.004498744908644589,-0.008709441278427713,-0.004498744908644591,-0.0012196807433807147
3.125,-0.005682435697704334,-0.0007823265324510856,-0.00298478345588184,-0.006525834568595517,-0.011723419396619156,-0.006525834568595517,-0.00298478345588184
3.1500000000000004,-0.00847802968318454,-0.003127353333834715,-0.004852066018221291,-0.008605238546569848,-0.014812478065800307,-0.00860523854656985,-0.004852066018221291
3.1750000000000003,-0.011403198202618363,-0.005644332044984698,-0.006807710115409687,-0.01070876809995706,-0.017932342327664053,-0.010708768099957062,-0.006807710115409687
3.2,-0.01442960542409004,-0.008322566995187906,-0.00883303240807882,-0.012800845041497281,-0.021026504754886675,-0.012800845041497283,-0.008833032408078818
3.225,-0.01751934469828493,-0.011145614354527838,-0.010903557501578068,-0.014837516907422025,-0.024024587237769783,-0.014837516907422028,-0.010903557501578067
3.25,-0.020623316957332924,-0.014089949690918528,-0.012988056307818461,-0.016765549227614883,-0.026840842712297693,-0.016765549227614886,-0.012988056307818458
3.2750000000000004,-0.023679590023101386,-0.017123512463348912,-0.015047574554148006,-0.018521661498985195,-0.029372930081044916,-0.0185216614989852,-0.015047574554148003
3.3000000000000003,-0.02661181668425555,-0.020204148186464967,-0.01703449124609092,-0.020031996683208736,-0.03150114050703445,-0.02003199668320874,-0.017034491246090917
3.325,-0.02932782397024089,-0.023277987483097055,-0.018891664863133973,-0.021211939107275545,-0.033088301816239125,-0.021211939107275552,-0.01889166486313397
3.35,-0.03171852676253406,-0.026277824910032815,-0.020551745840638517,-0.021966420750498348,-0.03398063579748515,-0.021966420750498355,-0.020551745840638513
3.375,-0.03365736464010887,-0.02912159004362427,-0.021936757019993414,-0.022190878278265772,-0.0340098841187513,-0.022190878278265776,-0.02193675701999341
3.4000000000000004,-0.03500050904402443,-0.03171103923570017,-0.02295806817359973,-0.021773038733916703,-0.032997042605715156,-0.02177303873391671,-0.022958068173599723
3.4250000000000003,-0.035588133667021286,-0.03393083835258955,-0.02351691445656604,-0.02059571488909259,-0.030758037436154333,-0.020595714889092596,-0.02351691445656603
3.45,-0.035247076766956285,-0.035648253133594196,-0.023505628514748474,-0.018540774704886676,-0.02711162377517709,-0.018540774704886683,-0.023505628514748463
3.475,-0.033795238802218255,-0.036713711196462585,-0.022809767335755855,-0.01549440483170643,-0.021889668865726904,-0.015494404831706434,-0.022809767335755845
3.5,-0.031048037751210136,-0.03696254237651343,-0.02131131152552831,-0.011353707002037135,-0.014949779743756636,-0.011353707002037148,-0.0213113115255283
3.5250000000000004,-0.026827170053158458,-0.036218233137740564,-0.01889308883436341,-0.006034541421190532,-0.006189938351419687,-0.006034541421190539,-0.018893088834363393
3.5500000000000003,-0.020971778397921175,-0.03429753386108505,-0.01544451685530614,0.0005196402907262383,0.0044355856534657005,0.0005196402907262313,-0.015444516855306135
3.575,-0.01335189196045413,-0.03101771907515936,-0.010868663576869275,0.008328444165401698,0.016900239687899773,0.008328444165401684,-0.010868663576869272
3.6,-0.003883671382199028,-0.026206201834221,-0.005090482869077623,0.01736537779118682,0.031090792272618902,0.017365377791186812,-0.005090482869077619
3.625,0.007454433194095976,-0.019712526008225893,0.0019341058642339895,0.02754984042159293,0.04679663640504962,0.02754984042159293,0.0019341058642339964
3.6500000000000004,0.020605985628091208,-0.011422489872013062,0.010208850877195879,0.038741400719320654,0.06370512021520067,0.038741400719320654,0.010208850877195893
3.6750000000000003,0.03542318022548667,-0.0012737872530494737,0.019688315443961622,0.05073758619007967,0.08140512888941279,0.05073758619007967,0.019688315443961615
3.7,0.051657991332058784,0.010727896240194228,0.03027056749443634,0.0632763198974058,0.09940058007094127,0.0632763198974058,0.03027056749443634
3.725,0.06896020449249182,0.02449388152519301,0.0417925978045189,0.07604382778779704,0.11713441448457071,0.07604382778779704,0.0417925978045189
3.75,0.086884423598169,0.03984058567738849,0.054029680648866485,0.08868828342759677,0.1340221244046407,0.08868828342759677,0.05402968064886646
3.7750000000000004,0.1049074017131949,0.056482992750457504,0.06669972614044603,0.10083869005381439,0.14949208479674908,0.10083869005381439,0.06669972614044602
3.8000000000000003,0.12245577852155648,0.07403579617261863,0.07947327288203448,0.11212762498484195,0.16302830906476015,0.11212762498484198,0.07947327288203447
3.825,0.13894263819059954,0.09202407673614832,0.09198912994851893,0.1222156552282432,0.1742101963963944,0.12221565522824325,0.0919891299485189
3.85,0.15380950760832796,0.10990444274150217,0.1038748563934146,0.13081467600583682,0.18274376525978228,0.13081467600583682,0.10387485639341457
3.875,0.16656891415548394,0.12709613210722115,0.11477039171256541,0.13770730543169996,0.18847995328574008,0.13770730543169998,0.11477039171256541
3.9000000000000004,0.1768418708386714,0.14301983433773127,0.12435240555835705,0.14275988301030076,0.1914176532122453,0.14275988301030082,0.12435240555835703
3.9250000000000003,0.18438499501071592,0.15714026846776488,0.1323565193601971,0.14592752752111604,0.1916917694000737,0.1459275275211161,0.1323565193601971
3.95,0.18910346381008838,0.16900729364288095,0.13859462208701284,0.14725093103504283,0.18954906010196082,0.1472509310350429,0.13859462208701281
3.975,0.19104838345775274,0.17828995810455486,0.14296510701191284,0.14684582484108438,0.18531626448906127,0.14684582484108438,0.14296510701191278
4.0,0.19039982521178153,0.18479866005071197,0.14545490399726474,0.14488706413186214,0.17936564551799966,0.14488706413186217,0.1454549039972647
4.025,0.18743907567399867,0.18849244174464302,0.14613345040343229,0.14158983556574664,0.17208261087625,0.1415898355657467,0.14613345040343223
4.05,0.18251501504582776,0.1894709686473931,0.1451399433669913,0.13719052756550137,0.16383881142988604,0.13719052756550137,0.1451399433669913
4.075,0.17600974318345936,0.1879533283946255,0.1426660805216072,0.1319293919962925,0.15497251764439174,0.13192939199629253,0.14266608052160717
4.1000000000000005,0.16830775067703763,0.18424777135582066,0.13893686503926628,0.12603643943354687,0.14577657200647812,0.12603643943354687,0.13893686503926625
4.125,0.15977147233995284,0.1787174640459987,0.1341919101157125,0.11972124870193687,0.13649309564344997,0.1197212487019369,0.1341919101157125
4.15,0.15072443783124376,0.17174714070096117,0.12866914445648345,0.11316670136168042,0.12731349373936843,0.11316670136168042,0.12866914445648342
4.175,0.14144184037412258,0.163714451778389,0.12259208418316776,0.10652617179541417,0.11838211256987903,0.1065261717954142,0.12259208418316773
4.2,0.13214739815510518,0.15496825530777988,0.11616109197579917,0.09992344008255448,0.10980202536137182,0.0999234400825545,0.11616109197579914
4.2250000000000005,0.1230149244573816,0.14581453258203445,0.10954843553809335,0.09345452069224204,0.10164172154239245,0.09345452069224205,0.10954843553809332
4.25,0.11417296709344806,0.13650936717108117,0.10289655609563793,0.08719066025247499,0.09394182508992423,0.087190660252475,0.1028965560956379
4.275,0.10571108510032694,0.12725765838174632,0.09631876789256587,0.08118189276362359,0.08672129396617953,0.0811818927636236,0.09631876789256585
4.3,0.09768666237227318,0.11821593742498118,0.08990159120116004,0.07546070121517007,0.07998281470787338,0.07546070121517008,0.08990159120116002
4.325,0.0901315086833961,0.10949770646791968,0.08370801531493194,0.07004548720512396,0.07371729374779541,0.07004548720512396,0.08370801531493194
4.3500000000000005,0.08305780513459446,0.10117998390404354,0.07778113730502687,0.0649436769665627,0.06790746691773945,0.0649436769665627,0.07778113730502687
4.375,0.0764631863501127,0.09331008517317273,0.07214778308069704,0.06015438719587712,0.06253071525250682,0.06015438719587712,0.07214778308069703
4.4,0.07033491327348271,0.08591200708495358,0.0668218619911576,0.05567063877379922,0.05756120437288683,0.055670638773799234,0.0668218619911576
4.425,0.0646531889524833,0.07899206546780098,0.06180732177276952,0.051481146120939805,0.05297146999310229,0.05148114612093982,0.06180732177276952
4.45,0.059393720824638056,0.07254364397089441,0.05710065432109259,0.04757173087759214,0.04873356384701236,0.04757173087759215,0.05710065432109259
4.4750000000000005,0.05452965196064189,0.06655104924936148,0.05269295780832468,0.04392641676019256,0.04481985970459391,0.04392641676019256,0.05269295780832468
4.5,0.050032983012422275,0.0609925477132857,0.048571592963261606,0.04052826263373923,0.04120360265121402,0.04052826263373923,0.048571592963261606
4.525,0.04587559540392537,0.05584269731130769,0.04472148719797193,0.037359986600038766,0.0378592689768588,0.03735998660003877,0.04472148719797193
4.55,0.04202997068929886,0.05107409882709149,0.04112614525853369,0.034404427650692924,0.03476279011574844,0.03440442765069293,0.04112614525853368
4.575,0.038469684668568996,0.04665868617762315,0.03776842353189458,0.0316448846820426,0.03189168252162615,0.0316448846820426,0.03776842353189458
4.6000000000000005,0.03516973976278713,0.04256866216896243,0.034631120137715195,0.02906536626197851,0.029225116125573384,0.02906536626197851,0.034631120137715195
4.625,0.0321067861413153,0.038777170164154794,0.03169742646592997,0.02665077885330081,0.026743946814180963,0.026650778853300815,0.03169742646592996
4.65,0.02925927128201442,0.03525877602487544,0.028951279018618922,0.0243870762865592,0.0244307327642034,0.0243870762865592,0.028951279018618922
4.675,0.026607548709992362,0.031989819815167346,0.026377643753364315,0.022261388949658373,0.022269749969241186,0.022261388949658373,0.026377643753364308
4.7,0.02413396899708772,0.028948683352812955,0.023962758579839472,0.02026214703700951,0.020247018308143842,0.02026214703700951,0.023962758579839472
4.7250000000000005,0.021822968901183317,0.02611600730272172,0.021694352816138157,0.01837920771033087,0.01835034535103117,0.01837920771033087,0.02169435281613815
4.75,0.01966116681360345,0.023474879207337287,0.019561854548369846,0.016603990433704828,0.016569389990183998,0.016603990433704828,0.019561854548369846
4.775,0.01763746342492929,0.0210110004879246,0.017556587063153276,0.014929617228436418,0.014895741075950677,0.014929617228436418,0.017556587063153276
4.800000000000001,0.015743134820530722,0.018712824965299465,0.01567194302796404,0.01335104442474229,0.013322996809708311,0.01335104442474229,0.01567194302796404
4.825,0.013971890794869365,0.016571643442088044,0.01390350966840355,0.01186515949070379,0.011846818507176681,0.01186515949070379,0.01390350966840355
4.8500000000000005,0.012319855180548086,0.014581569578690601,0.01224910110726665,0.010470801843381531,0.010464918572982465,0.010470801843381535,0.01224910110726665
4.875,0.010785411134428036,0.012739365787516546,0.010708639239957666,0.009168653733013647,0.009176930476261157,0.009168653733013647,0.010708639239957666
4.9,0.00936884981904569,0.011044042210976603,0.009283819651713378,0.007960943164922728,0.007984104670046363,0.007960943164922728,0.009283819651713378
4.925000000000001,0.008071775997397652,0.009496178476127343,0.007977514933073863,0.006850915059399554,0.006888787954909888,0.006850915059399554,0.007977514933073863
4.95,0.006896268228294762,0.008096967424987316,0.006792914326125306,0.005842068441678947,0.005893683319126169,0.005842068441678947,0.006792914326125306
4.9750000000000005,0.0058438652846506825,0.006847063040187812,0.0057324765998665525,0.004937227086327649,0.00500095348174225,0.004937227086327649,0.0057324765998665525
5.0,0.004914536313136329,0.005745411176981501,0.004796863562832379,0.0041375919799359106,0.004211308362129246,0.0041375919799359106,0.004796863562832379
5.025,0.004105851562211592,0.004788308062903032,0.003984083960762105,0.0034419799086646036,0.0035232700246797676,0.0034419799086646045,0.003984083960762105
5.050000000000001,0.0034125595856007223,0.003968918796767816,0.0032890656374855946,0.002846442279262999,0.0029327991891876675,0.002846442279262999,0.0032890656374855937
5.075,0.002826678722185126,0.0032773773044628284,0.0027037699240459296,0.002344365915761415,0.0024333798779339233,0.002344365915761415,0.0027037699240459296
5.1000000000000005,0.0023380590890697793,0.0027014184021714144,0.0022178019316002454,0.0019270147859734913,0.002016523304131319,0.0019270147859734917,0.0022178019316002454
5.125,0.0019352378308453953,0.0022273422163898732,0.001819329293670586,0.001584345811859727,0.0016725327180341744,0.001584345811859727,0.001819329293670586
5.15,0.0016063567160595953,0.0018410506365438473,0.0014960651447485924,0.0013058813524609713,0.001391322958668742,0.0013058813524609713,0.0014960651447485924
5.175000000000001,0.0013399482536693788,0.0015289369755927757,0.0012361102413501583,0.0010814559120224617,0.0011631216936510496,0.001081455912022462,0.001236110241350158
5.2,0.001125485992394263,0.0012785105414529622,0.0010285436835895934,0.0009017390047145135,0.0009789594509837264,0.0009017390047145135,0.0010285436835895932
5.2250000000000005,0.0009536847999089418,0.00107873922084199,0.0008637470289546581,0.0007585211017810253,0.0008309361945205007,0.0007585211017810254,0.0008637470289546581
5.25,0.0008165953195017711,0.0009201590395326323,0.0007335084848676895,0.0006448046644841383,0.0007123043811648192,0.0006448046644841384,0.0007335084848676894
5.275,0.0007075583212565939,0.0007948241476480307,0.0006309768256998056,0.0005547625604209747,0.0006174275726499797,0.0005547625604209748,0.0006309768256998055
5.300000000000001,0.0006210805453116811,0.0006961663568778948,0.0005505305156887468,0.0004836222589991441,0.0005416698480316755,0.0004836222589991442,0.0005505305156887467
5.325,0.0005526781117559182,0.0006188161762651527,0.00048761122921891885,0.0004275195194608124,0.0004812572392824108,0.00042751951946081243,0.00048761122921891874
5.3500000000000005,0.0004987166845096786,0.0005584185074476056,0.00043855314060301724,0.0003833492908994228,0.0004331371921058069,0.00038334929089942283,0.0004385531406030172
5.375,0.00045626405645352106,0.0005114610758651889,0.00040042501987004115,0.0003486287106775118,0.0003948498798443555,0.00034862871067751187,0.0004004250198700411
5.4,0.0004229617423886357,0.0004751235009353074,0.00037089247832162753,0.0003213784413006406,0.0003644170320692086,0.00032137844130064065,0.00037089247832162753
5.425000000000001,0.00039691685904013783,0.0004471489121358024,0.00034810198182734704,0.0003000235107338988,0.0003402491823350747,0.00030002351073389887,0.000348101981827347
5.45,0.0003766128950007537,0.00042573693579220866,0.00033058530677564725,0.0002833122482374692,0.0003210698634390418,0.0002833122482374692,0.0003305853067756472
5.4750000000000005,0.0003608369016930377,0.00040945557627926544,0.0003171818833730378,0.00027025087097619165,0.0003058543561119234,0.0002702508709761917,0.0003171818833730378
5.5,0.00034862043252411126,0.0003971691856332951,0.0003069761825345647,0.00026005107902061955,0.00029378046056649667,0.00026005107902061955,0.00030697618253456465
5.525,0.0003391917606001452,0.00038797985186855757,0.00029924746977412806,0.0002520882181809917,0.00028418898971509975,0.0002520882181809917,0.000299247469774128
5.550000000000001,0.00033193725635797345,0.00038117985558998346,0.00029342959569606203,0.000245867921120039,0.00027655204040377424,0.000245867921120039,0.00029342959569606203
5.575,0.0003263701757100156,0.00037621320313303115,0.00028907887555585683,0.00024099950967648379,0.00027044746533042035,0.0002409995096764838,0.0002890788755558568
5.6000000000000005,0.0003221054406223358,0.00037264457984238005,0.0002858484656599997,0.0002371747783970169,0.0002655382919499599,0.00023717477839701694,0.0002858484656599997
5.625,0.00031883927092031224,0.0003701343572907156,0.0002834679492805618,0.00023415106233146387,0.00026155610061894674,0.0002341510623314639,0.0002834679492805618
5.65,0.00031633274932211966,0.0003684185309122649,0.00028172709638042334,0.00023173772061569866,0.0002582875845595211,0.00023173772061569868,0.00028172709638042334
5.675000000000001,0.0003143985790057092,0.00036729266474990683,0.0002804629651426599,0.00022978534808377693,0.0002555636773242016,0.00022978534808377695,0.00028046296514265984
5.7,0.0003128904335618691,0.0003665990848473288,0.00027954967694186474,0.00022817716887596996,0.000253250759109858,0.00022817716887597,0.0002795496769418647
5.7250000000000005,0.00031169441121215764,0.0003662166985961196,0.0002788903275943526,0.00022682217710352174,0.0002512435503804768,0.00022682217710352177,0.0002788903275943526
5.75,0.0003107221949533738,0.0003660529297040207,0.0002784106030324598,0.000225649676864652,0.00024945937683796263,0.00022564967686465205,0.0002784106030324598
5.775,0.0003099055932706265,0.00036603735156371157,0.0002780537523590956,0.00022460494296694728,0.0002478335493715857,0.0002246049429669473,0.00027805375235909554
5.800000000000001,0.00030919219535248757,0.0003661166789657538,0.00027777663955525785,0.0002236457785006818,0.00024631565002874875,0.0002236457785006818,0.0002777766395552578
5.825,0.00030854192367570224,0.00036625084213148676,0.00027754665038748013,0.00022273978932370745,0.0002448665532959624,0.00022273978932370748,0.0002775466503874801
5.8500000000000005,0.0003079243069172216,0.0003664099198052013,0.00027733927563783334,0.00022186223072482696,0.00024345604309555682,0.000221862230724827,0.0002773392756378333
5.875,0.00030731632933756945,0.0003665717517349396,0.0002771362278639501,0.00022099430996148597,0.0002420609113557027,0.00022099430996148602,0.00027713622786395
5.9,0.00030670074001228406,0.0003667200864118774,0.00027692397791257366,0.00022012185126269162,0.0002406634449172483,0.00022012185126269165,0.0002769239779125736
5.925000000000001,0.0003060647277673496,0.0003668431491247065,0.0002766926208561871,0.00021923424844894808,0.00023925022478092411,0.0002192342484489481,0.00027669262085618703
5.95,0.0003053988859632908,0.0003669325388353571,0.00027643499973639853,0.0002183236452471653,0.00023781117591066856,0.00021832364524716535,0.0002764349997363985
5.9750000000000005,0.00030469640640747963,0.000366982381525149,0.00027614603060149124,0.00021738429549148425,0.00023633881744047233,0.00021738429549148427,0.00027614603060149124
6.0,0.0003039524537144031,0.00036698868287596856,0.00027582218425015805,0.00021641206508491378,0.0002348276727767352,0.00021641206508491386,0.00027582218425015805
6.025,0.00030316368145969495,0.0003669488353915063,0.0002754610896943772,0.00021540404544153122,0.00023327380689045887,0.00021540404544153125,0.0002754610896943772
6.050000000000001,0.00030232785936223683,0.00036686124481316216,0.00027506123189825386,0.0002143582543794681,0.0002316744645206333,0.00021435825437946814,0.0002750612318982538
6.075,0.0003014435871726834,0.000366725048348026,0.00027462172234707475,0.00021327340546495007,0.00023002778823773997,0.0002132734054649501,0.00027462172234707475
6.1000000000000005,0.0003005100760769467,0.00036653990335576474,0.00027414212572500805,0.0002121487307944462,0.00022833259950091441,0.00021214873079444623,0.00027414212572500805
6.125,0.00029952698246761024,0.0003663058298943649,0.0002736223296804625,0.00021098384539038924,0.00022658822930787443,0.00021098384539038924,0.00027362232968046246
6.15,0.0002984942822860158,0.00036602309429997786,0.0002730624476002428,0.00020977864393521774,0.0002247943877619599,0.00020977864393521774,0.00027306244760024275
6.175000000000001,0.0002974121766025399,0.00036569212389248084,0.0002724627465616772,0.00020853322253821057,0.00022295106408105084,0.0002085332225382106,0.0002724627465616771
6.2,0.00029628102124429166,0.00036531344520155084,0.00027182359443787835,0.00020724781985302084,0.00022105845037133807,0.00020724781985302084,0.0002718235944378783
6.2250000000000005,0.0002951012747886856,0.00036488763985564746,0.0002711454214942357,0.00020592277307384407,0.0002191168838734044,0.0002059227730738441,0.0002711454214942357
6.25,0.00029387346060709825,0.00036441531368777735,0.00027042869292308455,0.0002045584853660739,0.00021712680354007142,0.00020455848536607397,0.00027042869292308455
6.275,0.00029259813950343434,0.00036389707563426634,0.00026967388955048823,0.00020315540200539214,0.00021508871765478174,0.00020315540200539217,0.0002696738895504882
6.300000000000001,0.00029127589040215697,0.0003633335238580674,0.00026888149465175174,0.0002017139931705629,0.00021300317998847803,0.0002017139931705629,0.0002688814946517517
6.325,0.00028990729702566063,0.00036272523713133746,0.00026805198526150454,0.0002002347417374644,0.00021087077243481603,0.0002002347417374644,0.0002680519852615046
6.3500000000000005,0.00028849293906451425,0.00036207277000939567,0.0002671858267866564,0.00019871813486117961,0.00020869209262316477,0.00019871813486117964,0.0002671858267866564
6.375,0.00028703338662501484,0.0003613766507066026,0.0002662834700014231,0.000197164658363197,0.00020646774528021127,0.000197164658363197,0.00026628347000142306
6.4,0.0002855291970643714,0.00036063738080720415,0.000265345349723391,0.0001955747931972646,0.00020419833640397236,0.00019557479319726466,0.00026534534972339093
6.425000000000001,0.00028398091356708366,0.0003598554362740622,0.0002643718846931561,0.00019394901343911138,0.00020188446953535945,0.00019394901343911138,0.0002643718846931561
6.45,0.00028238906492234975,0.00035903126924364767,0.00026336347824135707,0.0001922877853712617,0.00019952674357899083,0.00019228778537126173,0.000263363478241357
6.4750000000000005,0.00028075416611074937,0.00035816531031915625,0.0002623205194736765,0.0001905915673311329,0.0001971257517394777,0.00019059156733113296,0.0002623205194736765
6.5,0.0002790767194606652,0.00035725797111885296,0.0002612433847779439,0.00018886081009896033,0.00019468208125651,0.00018886081009896033,0.00026124338477794375
6.525,0.0002773572161163022,0.00035630964691527896,0.0002601324394885003,0.00018709595762670268,0.00019219631368738596,0.00018709595762670268,0.0002601324394885002
6.550000000000001,0.00027559613769191003,0.0003553207192635464,0.0002589880396173776,0.00018529744798526253,0.00018966902556696446,0.00018529744798526256,0.00025898803961737756
6.575,0.0002737939580159977,0.00035429155851682303,0.0002578105335704909,0.00018346571443688363,0.0001871007892992912,0.00018346571443688366,0.0002578105335704909
6.6000000000000005,0.00027195114484178845,0.0003532225262252453,0.00025660026380501354,0.0001816011865439686,0.00018449217417966317,0.0001816011865439686,0.0002566002638050135
6.625,0.0002700681615329234,0.0003521139773307706,0.00025535756839033025,0.0001797042912873944,0.00018184374747373251,0.00017970429128739447,0.0002553575683903302
6.65,0.000268145468637765,0.0003509662622059136,0.0002540827824607602,0.00017777545414247932,0.00017915607550866432,0.00017777545414247934,0.0002540827824607601
6.675000000000001,0.0002661835253662019,0.0003497797284836399,0.0002527762395450217,0.0001758151001019131,0.00017642972473510713,0.00017581510010191318,0.00025277623954502175
6.7,0.0002641827909396143,0.0003485547227194062,0.00025143827277564234,0.00017382365462089287,0.00017366526272243247,0.00017382365462089287,0.00025143827277564223
6.7250000000000005,0.00026214372581004407,0.00034729159184805126,0.00025006921596461274,0.00017180154448775373,0.00017086325910182506,0.00017180154448775373,0.00025006921596461274
6.75,0.000260066792760709,0.00034599068449807754,0.0002486694045723575,0.0001697491986075407,0.00016802428642054577,0.00016974919860754075,0.0002486694045723575
6.775,0.00025795245788504605,0.0003446523521281006,0.0002472391765557941,0.00016766704870354535,0.00016514892090566978,0.0001676670487035454,0.0002472391765557941
6.800000000000001,0.0002558011914391792,0.00034327695003065614,0.0002457788731129537,0.00016555552993583318,0.0001622377431555479,0.0001655555299358332,0.00024577887311295367
6.825,0.00025361346859064526,0.00034186483819665465,0.00024428883933098243,0.00016341508144285515,0.0001592913387403314,0.00016341508144285518,0.0002442888393309824
6.8500000000000005,0.00025138977006084986,0.00034041638205225833,0.0002427694247375086,0.00016124614680833516,0.00015631029872874164,0.00016124614680833524,0.0002427694247375085
6.875,0.0002491305826753813,0.0003389319531030256,0.00024122098377965656,0.00015904917445613902,0.00015329522011884458,0.00015904917445613902,0.0002412209837796565
6.9,0.00024683639983031903,0.00033741192946340405,0.00023964387622179526,0.00015682461798607693,0.00015024670622102088,0.00015682461798607707,0.00023964387622179526
6.925000000000001,0.0002445077218736561,0.0003358566962993685,0.00023803846747515078,0.00015457293644749847,0.0001471653669583846,0.00015457293644749858,0.00023803846747515078
6.95,0.00024214505641160345,0.0003342666462044829,0.00023640512887011336,0.00015229459455773527,0.00014405181911000394,0.00015229459455773527,0.00023640512887011334
6.9750000000000005,0.00023974891855524735,0.000332642179481643,0.0002347442378671421,0.00014999006287202024,0.00014090668649357105,0.0001499900628720203,0.0002347442378671421
7.0,0.00023731983110957994,0.00033098370438180356,0.00023305617822636792,0.00014765981791225376,0.00013773060010608624,0.0001476598179122538,0.0002330561782263679
7.025,0.00023485832470821583,0.000329291637275138,0.0002313413401269075,0.00014530434224730636,0.00013452419819321058,0.00014530434224730636,0.00023134134012690747
7.050000000000001,0.0002323649378875816,0.00032756640277544966,0.00022960012024738973,0.0001429241245420696,0.00013128812630551484,0.00014292412454206972,0.00022960012024738973
7.075,0.0002298402171396997,0.0003258084338097266,0.00022783292181061539,0.00014051965957311038,0.0001280230372927481,0.0001405196595731104,0.00022783292181061539
7.1000000000000005,0.0002272847169095694,0.00032401817166356154,0.00022604015459918642,0.00013809144821208134,0.00012472959127041427,0.0001380914482120814,0.0002260401545991864
7.125,0.00022469899955968335,0.0003221960659780562,0.00022422223493846972,0.00013563999738103018,0.0001214084555534924,0.00013563999738103018,0.00022422223493846972
7.15,0.00022208363531559834,0.00032034257471626356,0.00022237958565720004,0.00013316581998941483,0.00011806030456233384,0.00013316581998941483,0.00022237958565720004
7.175000000000001,0.00021943920216312685,0.00031845816410390704,0.0002205126360213058,0.00013066943483959958,0.00011468581969608144,0.00013066943483959958,0.00022051263602130576
7.2,0.00021676628574575723,0.000316543308541814,0.0002186218216545611,0.00012815136652592852,0.0001112856891958194,0.00012815136652592863,0.0002186218216545611
7.2250000000000005,0.00021406547920923747,0.00031459849049889446,0.00021670758443041927,0.00012561214529982674,0.00010786060796808519,0.00012561214529982674,0.00021670758443041927
7.25,0.00021133738305817592,0.0003126242003768501,0.0002147703723575797,0.00012305230693573926,0.00010441127740682855,0.00012305230693573926,0.00021477037235757967
7.275,0.00020858260496656346,0.00031062093636776756,0.00021281063944405886,0.00012047239257007929,0.00010093840518800626,0.00012047239257007929,0.00021281063944405873
7.300000000000001,0.0002058017595959004,0.0003085892042875179,0.00021082884555384204,0.0001178729485347829,9.744270504702999e-5,0.00011787294853478296,0.00021082884555384199
7.325,0.00020299546837374292,0.00030652951739413626,0.0002088254562438915,0.00011525452617507503,9.392489655446109e-5,0.00011525452617507506,0.0002088254562438915
7.3500000000000005,0.00020016435928265535,0.0003044423961964917,0.00020680094259810264,0.00011261768166095852,9.038570486624385e-5,0.00011261768166095852,0.00020680094259810258
7.375,0.00019730906663261867,0.0003023283682520688,0.00020475578105131137,0.00010996297579009628,8.682586047108426e-5,0.00010996297579009631,0.00020475578105131131
7.4,0.00019443023080351773,0.00030018796794453224,0.00020269045319681696,0.00010729097377679565,8.324609892862012e-5,0.00010729097377679565,0.00020269045319681688
7.425000000000001,0.000191528498008096,0.00029802173627142933,0.00020060544559928492,0.0001046022450387575,7.964716058722324e-5,0.00010460224503875755,0.00020060544559928487
7.45,0.0001886045200249673,0.0002958302206027829,0.00019850124958964026,0.0001018973629790042,7.60297903143933e-5,0.0001018973629790042,0.00019850124958964026
7.4750000000000005,0.0001856589539301308,0.00029361397443966093,0.00019637836105841844,9.917690475577417e-5,7.239473720359465e-5,9.917690475577417e-5,0.00019637836105841844
7.5,0.00018269246183370144,0.0002913735571765981,0.00019423728024865584,9.64414510557177e-5,6.874275427913287e-5,9.64414510557177e-5,0.00019423728024865584
7.525,0.00017970571059114983,0.00028910953383960817,0.00019207851153397643,9.369158585540315e-5,6.50745982030561e-5,9.369158585540315e-5,0.00019207851153397643
7.550000000000001,0.00017669937151915712,0.0002868224748316869,0.0001899025632000573,9.092789618270912e-5,6.139102896969789e-5,9.092789618270912e-5,0.0001899025632000573
7.575,0.00017367412011732534,0.0002845129556704934,0.00018770994722206583,8.815097187730479e-5,5.769280960042696e-5,8.815097187730485e-5,0.00018770994722206577
7.6000000000000005,0.00017063063576992999,0.0002821815567213315,0.00018550117903745787,8.53614053428234e-5,5.398070583167827e-5,8.53614053428234e-5,0.00018550117903745787
7.625,0.00016756960145379165,0.0002798288629288973,0.00018327677731568316,8.255979130383322e-5,5.0255485811314604e-5,8.255979130383322e-5,0.00018327677731568316
7.65,0.00016449170343663843,0.0002774554635387931,0.0001810372637246069,7.974672655143154e-5,4.6517919773123484e-5,7.974672655143154e-5,0.0001810372637246069
7.675000000000001,0.00016139763098238133,0.000275061951827939,0.00017878316269953035,7.692280969691622e-5,4.2768779729647644e-5,7.692280969691622e-5,0.00017878316269953035
7.7,0.00015828807605357807,0.0002726489248257998,0.0001765150012092588,7.408864092328042e-5,3.900883915884252e-5,7.408864092328042e-5,0.0001765150012092588
7.7250000000000005,0.0001551637330020847,0.00027021698302953043,0.00017423330851493402,7.124482172624186e-5,3.523887267595674e-5,7.124482172624186e-5,0.00017423330851493402
7.75,0.0001520252982668879,0.00026776673013228396,0.00017193861593721733,6.83919546665948e-5,3.145965572502925e-5,6.839195466659486e-5,0.00017193861593721728
7.775,0.0001488734700820674,0.0002652987727318653,0.00016963145661793723,6.553064311859957e-5,2.7671964259496753e-5,6.553064311859957e-5,0.00016963145661793718
7.800000000000001,0.00014570894815232841,0.0002628137200535274,0.0001673123652781195,6.266149101403179e-5,2.387657442913414e-5,6.266149101403179e-5,0.0001673123652781195
7.825,0.00014253243337698375,0.0002603121836684233,0.00016498187798812353,5.978510259572576e-5,2.007426225579938e-5,5.978510259572576e-5,0.00016498187798812353
7.8500000000000005,0.00013934462752197187,0.00025779477720987154,0.0001626405319228081,5.6902082160288235e-5,1.626580332680001e-5,5.6902082160288235e-5,0.00016264053192280805
7.875,0.00013614623293332518,0.00025526211608401455,0.00016028886512610345,5.4013033813646435e-5,1.2451972480254129e-5,5.4013033813646435e-5,0.00016028886512610345
7.9,0.00013293795222967946,0.00025271481719949245,0.00015792741627572516,5.111856121767982e-5,8.633543488406452e-6,5.1118561217679873e-5,0.00015792741627572516
7.925000000000001,0.00012972048800851681,0.0002501534986803284,0.00015555672444842069,4.8219267345982056e-5,4.811288751931334e-6,4.8219267345982056e-5,0.00015555672444842069
7.95,0.00012649454254539438,0.00024757877957893773,0.0001531773288819682,4.5315754239500915e-5,9.859790008788613e-7,4.5315754239500915e-5,0.00015317732888196815
7.9750000000000005,0.0001232608174930699,0.0002449912796091804,0.0001507897687437825,4.240862275513494e-5,-2.84161702854081e-6,4.240862275513494e-5,0.00015078976874378244
8.0,0.00012002001359673331,0.00024239161886189294,0.00014839458290097105,3.94984723319133e-5,-6.6707328779974695e-6,3.94984723319133e-5,0.00014839458290097105
8.025,0.00011677283039927406,0.00023978041753350892,0.00014599230968847775,3.6585900745829754e-5,-1.0500604682342053e-5,3.6585900745829754e-5,0.00014599230968847775
8.05,0.00011351996594953504,0.00023715829564267355,0.0001435834866794909,3.367150387530353e-5,-1.433047144910582e-5,3.367150387530353e-5,0.0001435834866794909
8.075000000000001,0.0001102621165204676,0.00023452587277373408,0.0001411686504635224,3.0755875463122995e-5,-1.815957536850475e-5,3.0755875463122995e-5,0.0001411686504635224
8.1,0.00010699997631902675,0.000231883767791695,0.0001387483364164597,2.783960688642284e-5,-2.1987162086989936e-5,2.783960688642284e-5,0.0001387483364164597
8.125,0.00010373423721601767,0.00022923259858748888,0.0001363230784851478,2.4923286926936487e-5,-2.5812481003792473e-5,2.4923286926936487e-5,0.0001363230784851478
8.15,0.00010046558846509979,0.0002265729818074208,0.00013389340896494684,2.2007501543280046e-5,-2.9634785548523048e-5,2.2007501543280046e-5,0.0001338934089649468
8.175,9.719471642396494e-5,0.00022390553259023696,0.0001314598582808437,1.9092833649281174e-5,-3.3453333453386525e-5,1.9092833649281174e-5,0.0001314598582808437
8.200000000000001,9.392230429310703e-5,0.0002212308643190809,0.0001290229547797913,1.6179862890088374e-5,-3.72673870411896e-5,1.6179862890088374e-5,0.0001290229547797913
8.225,9.064903184526067e-5,0.0002185495883517596,0.00012658322451310542,1.3269165429160374e-5,-4.107621347917328e-5,1.3269165429160428e-5,0.00012658322451310542
8.25,8.73755751654825e-5,0.0002158623137845118,0.0001241411910345229,1.0361313732716348e-5,-4.487908505290709e-5,1.0361313732716402e-5,0.00012414119103452284
8.275,8.410260639481678e-5,0.0002131696471917119,0.00012169737519113544,7.456876361477707e-6,-4.867527942015355e-5,7.456876361477707e-6,0.00012169737519113539
8.3,8.083079347054283e-5,0.0002104721923817064,0.00011925229492093354,4.55641776225655e-6,-5.246407986957653e-5,4.55641776225655e-6,0.00011925229492093354
8.325000000000001,7.756079988791851e-5,0.00020777055017082207,0.00011680646506140976,1.660498067841588e-6,-5.6244775572394236e-5,1.6604980678416421e-6,0.00011680646506140981
8.35,7.42932844440306e-5,0.00020506531812759137,0.00011436039714639208,-1.230327103842029e-6,-6.001666182494809e-5,-1.2303271038419747e-6,0.00011436039714639208
8.375,7.102890100686552e-5,0.00020235709035201348,0.00011191459922056905,-4.115506839474345e-6,-6.377904028310675e-5,-4.115506839474345e-6,0.00011191459922056905
8.4,6.776829827622122e-5,0.0001996464572420572,0.00010946957564911371,-6.994495126454749e-6,-6.753121921071813e-5,-6.994495126454749e-6,0.00010946957564911371
8.425,6.451211955235334e-5,0.00019693400527249878,0.00010702582693517566,-9.866751034262934e-6,-7.127251369326535e-5,-9.866751034262934e-6,0.00010702582693517561
8.450000000000001,6.126100251890217e-5,0.000194220316773317,0.00010458384954043836,-1.2731738898232666e-5,-7.500224587659252e-5,-1.2731738898232666e-5,0.00010458384954043836
8.475,5.801557900978906e-5,0.0001915059697140926,0.00010214413570683665,-1.5588928497724934e-5,-7.871974517257689e-5,-1.5588928497724934e-5,0.00010214413570683665
8.5,5.477647480488111e-5,0.00018879153749292831,9.970717328600614e-5,-1.843779522674917e-5,-8.242434847870033e-5,-1.843779522674917e-5,9.970717328600614e-5
8.525,5.1544309417246016e-5,0.00018607758873186373,9.72734455717448e-5,-2.1277820264532773e-5,-8.611540038501221e-5,-2.127782026453272e-5,9.72734455717448e-5
8.55,4.831969588663463e-5,0.00018336468707898823,9.484343113608483e-5,-2.410849073860775e-5,-8.979225337204357e-5,-2.410849073860775e-5,9.484343113608483e-5
8.575000000000001,4.5103240585270386e-5,0.0001806533910013697,9.241760366801346e-5,-2.692929988396887e-5,-9.345426800874199e-5,-2.692929988396876e-5,9.241760366801346e-5
8.6,4.1895543018978454e-5,0.00017794425360535276,8.999643181970792e-5,-2.9739747196951367e-5,-9.710081313749886e-5,-2.9739747196951367e-5,8.999643181970781e-5
8.625,3.869719564238718e-5,0.0001752378224432459,8.75803790537995e-5,-3.2539338588228216e-5,-0.00010073126606456012,-3.2539338588228216e-5,8.758037905379955e-5
8.65,3.550878367366207e-5,0.0001725346393347857,8.51699034982902e-5,-3.53275865254041e-5,-0.0001043450127328184,-3.53275865254041e-5,8.516990349829015e-5
8.675,3.233088493143726e-5,0.00016983524018649097,8.276545780478143e-5,-3.810401017112623e-5,-0.00010794144789196565,-3.810401017112623e-5,8.276545780478143e-5
8.700000000000001,2.916406963881477e-5,0.00016714015483139928,8.036748900746419e-5,-4.086813552531874e-5,-0.00011151997526653692,-4.086813552531874e-5,8.036748900746419e-5
8.725,2.600890028542821e-5,0.00016444990685269764,7.797643839462486e-5,-4.361949554941057e-5,-0.00011508000771846068,-4.361949554941057e-5,7.797643839462486e-5
8.75,2.2865931448719016e-5,0.00016176501342153837,7.559274137287329e-5,-4.635763029460342e-5,-0.00011862096738649713,-4.635763029460342e-5,7.559274137287329e-5
8.775,1.973570964485258e-5,0.00015908598515644782,7.32168273489477e-5,-4.908208702422452e-5,-0.00012214228584786144,-4.908208702422452e-5,7.32168273489477e-5
8.8,1.6618773191753413e-5,0.00015641332595842537,7.084911960804962e-5,-5.1792420326644816e-5,-0.00012564340425089281,-5.1792420326644924e-5,7.084911960804946e-5
8.825000000000001,1.3515652055695895e-5,0.00015374753287255712,6.849003519746041e-5,-5.4488192228663337e-5,-0.0001291237734523123,-5.4488192228663337e-5,6.849003519746036e-5
8.85,1.0426867716680546e-5,0.000151089095952585,6.613998481774225e-5,-5.716897229993744e-5,-0.0001325828541407366,-5.716897229993744e-5,6.613998481774225e-5
8.875,7.352933042905184e-6,0.00014843849811810672,6.379937271359798e-5,-5.983433775557559e-5,-0.00013602011696316242,-5.983433775557559e-5,6.379937271359798e-5
8.9,4.294352170117675e-6,0.00014579621503960297,6.146859657961212e-5,-6.24838735499786e-5,-0.0001394350426394962,-6.24838735499786e-5,6.146859657961212e-5
8.925,1.251620370663961e-6,0.00014316271499928578,5.9148047452803775e-5,-6.511717247166841e-5,-0.00014282712207107782,-6.511717247166841e-5,5.9148047452803775e-5
8.950000000000001,-1.7747760476603456e-6,0.00014053845879329595,5.6838109631242846e-5,-6.773383522514219e-5,-0.00014619585643912988,-6.773383522514219e-5,5.6838109631242846e-5
8.975,-4.784359847167728e-6,0.00013792389960117264,5.453916058040052e-5,-7.033347051510013e-5,-0.00014954075731170904,-7.033347051510007e-5,5.453916058040052e-5
9.0,-7.77666296902505e-6,0.00013531948289923602,5.2251570853458205e-5,-7.291569512144229e-5,-0.00015286134672534864,-7.291569512144229e-5,5.2251570853458205e-5
9.025,-1.0751226619396963e-5,0.00013272564633501075,4.9975704007983707e-5,-7.548013397114874e-5,-0.00015615715727310085,-7.548013397114874e-5,4.9975704007983707e-5
9.05,-1.3707601363560646e-5,0.00013014281965984903,4.7711916540701466e-5,-7.80264202037427e-5,-0.00015942773218003325,-7.802642020374282e-5,4.7711916540701466e-5
9.075000000000001,-1.6645347203873353e-5,0.00012757142461804682,4.546055781142391e-5,-8.055419523473309e-5,-0.00016267262538077342,-8.055419523473309e-5,4.546055781142391e-5
9.1,-1.9564033658198124e-5,0.00012501187487296112,4.322196998233195e-5,-8.306310880995218e-5,-0.00016589140158093378,-8.306310880995218e-5,4.322196998233195e-5
9.125,-2.2463239833468916e-5,0.00012246457592384426,4.0996487956473796e-5,-8.555281905982018e-5,-0.00016908363631815831,-8.555281905982018e-5,4.0996487956473904e-5
9.15,-2.5342554489953385e-5,0.00011992992503514345,3.8784439323153147e-5,-8.802299254498487e-5,-0.00017224891601534843,-8.802299254498487e-5,3.8784439323153147e-5
9.175,-2.8201576095749816e-5,0.00011740831116602408,3.6586144307668915e-5,-9.047330429831418e-5,-0.00017538683803122645,-9.047330429831418e-5,3.6586144307668915e-5
9.200000000000001,-3.1039912888647385e-5,0.00011490011491138755,3.440191572453672e-5,-9.290343786528312e-5,-0.0001784970107032385,-9.290343786528312e-5,3.440191572453672e-5
9.225,-3.3857182918938485e-5,0.00011240570843846398,3.223205893452371e-5,-9.531308533242648e-5,-0.0001815790533760466,-9.531308533242648e-5,3.2232058934523656e-5
9.25,-3.6653014090379664e-5,0.00010992545543757821,3.0076871809874656e-5,-9.770194735973003e-5,-0.00018463259644464381,-9.770194735973003e-5,3.0076871809874656e-5
9.275,-3.942704420778625e-5,0.0001074597110757563,2.793664469659872e-5,-0.00010006973320197772,-0.0001876572813638038,-0.00010006973320197783,2.793664469659872e-5
9.3,-4.2178920990096356e-5,0.00010500882195274005,2.5811660391890923e-5,-0.00010241616072811471,-0.0001906527606825815,-0.00010241616072811471,2.5811660391890923e-5
9.325000000000001,-4.4908302119826665e-5,0.0001025731260678148,2.3702194113380688e-5,-0.00010474095643887836,-0.0001936186980487059,-0.00010474095643887836,2.3702194113380688e-5
9.35,-4.761485524368411e-5,0.00010015295278120288,2.1608513482592177e-5,-0.00010704385547222467,-0.00019655476821709938,-0.00010704385547222467,2.1608513482592177e-5
9.375,-5.029825799836106e-5,9.774862279203833e-5,1.9530878507344403e-5,-0.0001093246016127067,-0.00019946065705424485,-0.0001093246016127067,1.9530878507344512e-5
9.4,-5.2958198022331887e-5,9.53604481185512e-5,1.7469541569777608e-5,-0.00011158294729360841,-0.00020233606153927518,-0.00011158294729360841,1.7469541569777608e-5
9.425,-5.559437295041596e-5,9.29887320723593e-5,1.542474741933149e-5,-0.00011381865359000863,-0.00020518068974593751,-0.00011381865359000852,1.542474741933149e-5
9.450000000000001,-5.820649042832232e-5,9.063376925599129e-5,1.3396733166864857e-5,-0.00011603149021689487,-0.00020799426083730212,-0.00011603149021689487,1.3396733166864857e-5
9.475,-6.079426809514697e-5,8.82958455476182e-5,1.138572828634249e-5,-0.00011822123551446675,-0.0002107765050447518,-0.00011822123551446675,1.138572828634249e-5
9.5,-6.33574335829391e-5,8.59752381026043e-5,9.391954616930154e-6,-0.00012038767643638084,-0.0002135271636456152,-0.00012038767643638084,9.391954616930154e-6
9.525,-6.589572449916955e-5,8.367221535438463e-5,7.415626372148809e-6,-0.00012253060852933644,-0.00021624598893330355,-0.00012253060852933644,7.415626372148809e-6
9.55,-6.840888840306747e-5,8.138703701623675e-5,5.456950149566714e-6,-0.0001246498359085289,-0.0002189327441838528,-0.0001246498359085289,5.456950149566714e-6
9.575000000000001,-7.08966827852846e-5,7.911995409698857e-5,3.5161249484183135e-6,-0.00012674517123196336,-0.00022158720361722842,-0.00012674517123196336,3.5161249484183135e-6
9.600000000000001,-7.335887504319373e-5,7.687120891159766e-5,1.593342183882894e-6,-0.0001288164356721998,-0.0002242091523563099,-0.0001288164356721998,1.593342183882894e-6
9.625,-7.579524244005652e-5,7.464103510686274e-5,-3.112142850388082e-7,-0.00013086345887949747,-0.00022679838638062043,-0.00013086345887949747,-3.112142850388082e-7
9.65,-7.820557207352396e-5,7.242965767929071e-5,-2.1973681338934913e-6,-0.00013288607894383896,-0.00022935471246855087,-0.00013288607894383874,-2.1973681338934913e-6
9.675,-8.058966083076283e-5,7.02372929956478e-5,-4.064950545212291e-6,-0.0001348841423560814,-0.0002318779481489785,-0.0001348841423560814,-4.064950545212291e-6
9.700000000000001,-8.294731534928623e-5,6.806414884267822e-5,-5.913800171235028e-6,-0.00013685750396120753,-0.0002343679216316307,-0.00013685750396120753,-5.913800171235028e-6
9.725000000000001,-8.527835194999961e-5,6.591042444575064e-5,-7.743763099771813e-6,-0.00013880602690923382,-0.0002368244717524102,-0.00013880602690923382,-7.743763099771813e-6
9.75,-8.758259660137657e-5,6.377631051427332e-5,-9.554692817901973e-6,-0.0001407295826054757,-0.0002392474478955148,-0.0001407295826054757,-9.554692817901973e-6
9.775,-8.985988485802958e-5,6.166198928697995e-5,-1.134645016868983e-5,-0.00014262805065763502,-0.00024163670992653172,-0.00014262805065763502,-1.134645016868983e-5
9.8,-9.211006178794679e-5,5.9567634569267786e-5,-1.3118903305547609e-5,-0.0001445013188119831,-0.00024399212810985983,-0.0001445013188119831,-1.3118903305547609e-5
9.825000000000001,-9.433298192147466e-5,5.749341179418221e-5,-1.4871927645596015e-5,-0.0001463492829004664,-0.00024631358303707154,-0.0001463492829004664,-1.4871927645596015e-5
9.850000000000001,-9.652850916650302e-5,5.5439478070633186e-5,-1.66054058160735e-5,-0.00014817184676803273,-0.0002486009655317885,-0.00014817184676803273,-1.66054058160735e-5
9.875,-9.86965167541351e-5,5.3405982238507226e-5,-1.831922760589063e-5,-0.00014996892221453857,-0.0002508541765695396,-0.00014996892221453857,-1.831922760589063e-5
9.9,-0.0001008368871450247,5.139306493084084e-5,-2.0013289904190832e-5,-0.00015174042891874151,-0.0002530731271841978,-0.00015174042891874151,-2.0013289904190832e-5
9.925,-0.00010294951196258727,4.9400858639314456e-5,-2.168749664450674e-5,-0.0001534862943694087,-0.0002552577383720495,-0.0001534862943694087,-2.168749664450674e-5
9.950000000000001,-0.00010503429190383406,4.742948777903305e-5,-2.334175874165246e-5,-0.0001552064537900413,-0.00025740794099642984,-0.0001552064537900413,-2.3341758741652568e-5
9.975000000000001,-0.00010709113665630454,4.547906875440854e-5,-2.4975994030099512e-5,-0.00015690085006210588,-0.00025952367568878325,-0.00015690085006210588,-2.4975994030099512e-5
10.0,-0.00010911996480741665,4.354971003297591e-5,-2.6590127196218237e-5,-0.00015856943364146936,-0.00026160489273308263,-0.00015856943364146936,-2.6590127196218345e-5
10.025,-0.00011112070375555987,4.164151222658503e-5,-2.8184089708787744e-5,-0.00016021216248244315,-0.00026365155197448565,-0.00016021216248244315,-2.8184089708787744e-5
10.05,-0.00011309328961183352,3.975456815765711e-5,-2.975781975093796e-5,-0.00016182900194668833,-0.00026566362269587156,-0.00016182900194668822,-2.975781975093796e-5
10.075000000000001,-0.00011503766710927184,3.7888962954824367e-5,-3.131126214344168e-5,-0.0001634199247233949,-0.0002676410835164862,-0.0001634199247233949,-3.131126214344168e-5
10.100000000000001,-0.00011695378949490956,3.6044774115857234e-5,-3.2844368274808184e-5,-0.00016498491073450953,-0.00026958392226935995,-0.00016498491073450964,-3.2844368274808184e-5
10.125,-0.00011884161843570547,3.422207161576715e-5,-3.435709601840644e-5,-0.00016652394704850176,-0.0002714921358876544,-0.00016652394704850176,-3.435709601840644e-5
10.15,-0.00012070112390284585,3.24209179744579e-5,-3.584940965716031e-5,-0.0001680370277823359,-0.0002733657302796051,-0.0001680370277823359,-3.584940965716031e-5
10.175,-0.00012253228408272486,3.064136835673474e-5,-3.732127980542237e-5,-0.0001695241540153835,-0.00027520472021411456,-0.0001695241540153835,-3.732127980542237e-5
10.200000000000001,-0.00012433508525034812,2.888347066256422e-5,-3.877268332020136e-5,-0.00017098533368499784,-0.00027700912918918235,-0.00017098533368499784,-3.877268332020136e-5
10.225000000000001,-0.00012610952166687778,2.7147265619059496e-5,-4.020360322229586e-5,-0.0001724205814937324,-0.0002787789893117969,-0.0001724205814937324,-4.020360322229586e-5
10.25,-0.00012785559546339386,2.5432786879428444e-5,-4.1614028607809506e-5,-0.00017382991880537994,-0.0002805143411607112,-0.00017382991880537994,-4.161402860780929e-5
10.275,-0.00012957331653068178,2.374006111966737e-5,-4.300395456212899e-5,-0.0001752133735495433,-0.00028221523366664365,-0.0001752133735495433,-4.300395456212899e-5
10.3,-0.00013126270239695914,2.2069108134178696e-5,-4.437338207251102e-5,-0.0001765709801143036,-0.00028388172397144225,-0.0001765709801143036,-4.437338207251102e-5
10.325000000000001,-0.00013292377811334667,2.0419940942305075e-5,-4.57223179363468e-5,-0.00017790277924556203,-0.00028551387729974754,-0.00017790277924556203,-4.57223179363468e-5
10.350000000000001,-0.00013455657612980074,1.8792565885655245e-5,-4.7050774670785526e-5,-0.0001792088179397917,-0.00028711176682214137,-0.0001792088179397917,-4.7050774670785526e-5
10.375,-0.0001361611361788656,1.71869827384562e-5,-4.835877042059729e-5,-0.00018048914933918773,-0.0002886754735158185,-0.00018048914933918773,-4.835877042059729e-5
10.4,-0.00013773750514955592,1.5603184808314356e-5,-4.96463288641662e-5,-0.00018174383262503375,-0.00029020508603168116,-0.00018174383262503375,-4.96463288641662e-5
10.425,-0.00013928573696428046,1.4041159041737469e-5,-5.0913479121321494e-5,-0.00018297293290778967,-0.0002917007005520016,-0.00018297293290778967,-5.0913479121321494e-5
10.450000000000001,-0.00014080589245206118,1.2500886135505035e-5,-5.216025565462263e-5,-0.00018417652111917706,-0.00029316242065001777,-0.00018417652111917706,-5.216025565462263e-5
10.475000000000001,-0.0001422980392258216,1.0982340649327991e-5,-5.338669817484642e-5,-0.00018535467390104783,-0.000294590357149715,-0.00018535467390104783,-5.338669817484642e-5
10.5,-0.00014376225154685992,9.485491103400296e-6,-5.45928515434938e-5,-0.00018650747349456531,-0.0002959846279824732,-0.00018650747349456531,-5.45928515434938e-5
10.525,-0.00014519861020758092,8.01030010327239e-6,-5.577876567584163e-5,-0.0001876350076294028,-0.00029734535804121464,-0.0001876350076294029,-5.577876567584163e-5
10.55,-0.00014660720239643616,6.556724440756678e-6,-5.694449544257504e-5,-0.000188737369412067,-0.0002986726790428603,-0.000188737369412067,-5.694449544257504e-5
10.575000000000001,-0.00014798812156304367,5.1247152156778365e-6,-5.809010056752826e-5,-0.0001898146572112143,-0.0002999667293804255,-0.00018981465721121441,-5.809010056752826e-5
10.600000000000001,-0.0001493414672985986,3.714217942352803e-6,-5.921564553292168e-5,-0.00019086697454519821,-0.0003012276539721289,-0.00019086697454519821,-5.921564553292168e-5
10.625,-0.00015066734519808377,2.3251726673293694e-6,-6.0321199475713556e-5,-0.00019189442997034458,-0.0003024556041260235,-0.0001918944299703447,-6.0321199475713556e-5
10.65,-0.00015196586672974074,9.575140804101403e-7,-6.14068360888095e-5,-0.00019289713696476598,-0.00030365073738707223,-0.00019289713696476598,-6.14068360888094e-5
10.675,-0.00015323714909888444,-3.8882836617257404e-7,-6.247263351902975e-5,-0.00019387521381261327,-0.00030481321739031514,-0.00019387521381261338,-6.247263351902975e-5
10.700000000000001,-0.00015448131512319543,-1.7139303493303413e-6,-6.351867426767882e-5,-0.00019482878349331208,-0.0003059432137171593,-0.00019482878349331208,-6.351867426767893e-5
10.725000000000001,-0.0001556984930998901,-3.0178725456080834e-6,-6.454504508695136e-5,-0.00019575797356748964,-0.00030704090175091544,-0.00019575797356748964,-6.454504508695136e-5
10.75,-0.0001568888166660861,-4.300740534001561e-6,-6.555183688212633e-5,-0.0001966629160558852,-0.0003081064625186099,-0.0001966629160558852,-6.555183688212633e-5
10.775,-0.00015805242467033446,-5.562624667674292e-6,-6.65391446063675e-5,-0.00019754374733220177,-0.0003091400825596085,-0.00019754374733220177,-6.65391446063675e-5
10.8,-0.00015918946103553352,-6.803619960455851e-6,-6.750706715965584e-5,-0.00019840060800152085,-0.0003101419537648265,-0.00019840060800152085,-6.750706715965584e-5
10.825000000000001,-0.00016030007463839108,-8.023825971610743e-6,-6.845570729091146e-5,-0.00019923364279276305,-0.00031111227323820837,-0.00019923364279276305,-6.845570729091146e-5
10.850000000000001,-0.00016138441916187007,-9.223346689867291e-6,-6.938517149196119e-5,-0.00020004300043947792,-0.00031205124314983375,-0.00020004300043947792,-6.938517149196119e-5
10.875,-0.0001624426529691974,-1.0402290415162816e-5,-7.029556989779113e-5,-0.0002008288335664713,-0.00031295907058660316,-0.0002008288335664713,-7.029556989779123e-5
10.9,-0.00016347493897753807,-1.1560769650414367e-5,-7.118701618927252e-5,-0.0002015912985780441,-0.0003138359674068961,-0.0002015912985780441,-7.118701618927252e-5
10.925,-0.00016448144451509087,-1.2698900976552782e-5,-7.205962748615186e-5,-0.00020233055554179556,-0.00031468215009745833,-0.00020233055554179556,-7.205962748615186e-5
10.950000000000001,-0.00016546234119498728,-1.3816804942803495e-5,-7.29135242499616e-5,-0.00020304676807565716,-0.00031549783962578316,-0.00020304676807565716,-7.29135242499616e-5
10.975000000000001,-0.00016641780478711372,-1.4914605948507784e-5,-7.374883018346315e-5,-0.00020374010323879915,-0.00031628326130123997,-0.00020374010323879926,-7.374883018346315e-5
11.0,-0.0001673480150880165,-1.599243213430373e-5,-7.456567213233221e-5,-0.00020441073141563404,-0.00031703864462258324,-0.00020441073141563414,-7.456567213233221e-5
11.025,-0.00016825315577930156,-1.7050415261396264e-5,-7.536417998075391e-5,-0.00020505882620514175,-0.0003177642231463573,-0.00020505882620514175,-7.536417998075391e-5
11.05,-0.00016913341431650883,-1.808869060422659e-5,-7.614448656003237e-5,-0.00020568456430995727,-0.00031846023433274034,-0.00020568456430995738,-7.614448656003237e-5
11.075000000000001,-0.00016998898178659908,-1.9107396835459253e-5,-7.69067275442645e-5,-0.0002062881254274003,-0.00031912691941554005,-0.0002062881254274003,-7.69067275442645e-5
11.100000000000001,-0.00017082005279053108,-2.0106675910509244e-5,-7.765104135632198e-5,-0.00020686969213791189,-0.00031976452325292384,-0.00020686969213791189,-7.765104135632198e-5
11.125,-0.00017162682530429116,-2.1086672960493277e-5,-7.837756906689877e-5,-0.00020742944979612536,-0.0003203732941939351,-0.00020742944979612536,-7.837756906689866e-5
11.15,-0.00017240950056359429,-2.2047536181963328e-5,-7.908645430263358e-5,-0.00020796758642429027,-0.0003209534839391601,-0.00020796758642429027,-7.908645430263358e-5
11.175,-0.00017316828293878416,-2.2989416722065414e-5,-7.977784314795946e-5,-0.00020848429260219613,-0.00032150534739279653,-0.00020848429260219613,-7.977784314795946e-5
11.200000000000001,-0.00017390337980132545,-2.3912468571930406e-5,-8.04518840485607e-5,-0.0002089797613642855,-0.00032202914254842303,-0.0002089797613642855,-8.04518840485607e-5
11.225000000000001,-0.00017461500140767767,-2.4816848461695017e-5,-8.110872772035958e-5,-0.0002094541880905302,-0.0003225251303328043,-0.0002094541880905302,-8.110872772035958e-5
11.25,-0.00017530336077937052,-2.570271574954085e-5,-8.174852705584912e-5,-0.00020990777040465992,-0.0003229935744842493,-0.00020990777040465992,-8.174852705584901e-5
11.275,-0.0001759686735787584,-2.657023231498733e-5,-8.23714370292538e-5,-0.00021034070806913717,-0.0003234347414141516,-0.00021034070806913717,-8.23714370292538e-5
11.3,-0.00017661115798660746,-2.7419562452757772e-5,-8.297761460511682e-5,-0.0002107532028808785,-0.0003238489000767337,-0.0002107532028808785,-8.297761460511682e-5
11.325000000000001,-0.0001772310345873723,-2.825087277543084e-5,-8.356721865016326e-5,-0.00021114545857292292,-0.0003242363218418138,-0.00021114545857292303,-8.356721865016326e-5
11.350000000000001,-0.0001778285262528783,-2.9064332099407614e-5,-8.414040984104e-5,-0.0002115176807107753,-0.00032459728036161867,-0.0002115176807107753,-8.414040984104e-5
11.375,-0.00017840385801969375,-2.986011134857445e-5,-8.469735057477409e-5,-0.00021187007659367722,-0.0003249320514451363,-0.00021187007659367722,-8.469735057477409e-5
11.4,-0.00017895725698501732,-3.0638383455902265e-5,-8.52382048852812e-5,-0.0002122028551590834,-0.00032524091293571186,-0.0002122028551590834,-8.52382048852812e-5
11.425,-0.00017948895218031178,-3.139932325801948e-5,-8.576313835064855e-5,-0.00021251622687948522,-0.00032552414457904735,-0.00021251622687948522,-8.576313835064855e-5
11.450000000000001,-0.00017999917446968864,-3.214310739844621e-5,-8.627231801164591e-5,-0.00021281040367325272,-0.00032578202791168354,-0.00021281040367325272,-8.627231801164591e-5
11.475000000000001,-0.00018048815643879982,-3.2869914231389086e-5,-8.676591228649163e-5,-0.0002130855988059174,-0.0003260148461273386,-0.0002130855988059175,-8.676591228649152e-5
11.5,-0.00018095613227532342,-3.3579923722282954e-5,-8.7244090883863e-5,-0.00021334202679539697,-0.0003262228839639803,-0.00021334202679539697,-8.7244090883863e-5
11.525,-0.00018140333766740696,-3.4273317355364205e-5,-8.770702472270784e-5,-0.00021357990332148915,-0.00032640642758457783,-0.00021357990332148915,-8.770702472270784e-5
11.55,-0.00018183000970264373,-3.49502780374346e-5,-8.815488585166669e-5,-0.00021379944513591552,-0.0003265657644598566,-0.00021379944513591552,-8.815488585166669e-5
11.575000000000001,-0.0001822363867548196,-3.561099001046891e-5,-8.858784736815744e-5,-0.00021400086997068137,-0.00032670118325461915,-0.00021400086997068137,-8.858784736815744e-5
11.600000000000001,-0.00018262270838402875,-3.6255638751627814e-5,-8.900608333754887e-5,-0.0002141843964498416,-0.0003268129737132535,-0.0002141843964498416,-8.900608333754887e-5
11.625,-0.00018298921523643267,-3.688441089646595e-5,-8.940976871907075e-5,-0.00021435024400312695,-0.00032690142654686797,-0.00021435024400312695,-8.940976871907075e-5
11.65,-0.00018333614893764066,-3.749749413628463e-5,-8.97990792834347e-5,-0.00021449863277887886,-0.0003269668333267405,-0.00021449863277887886,-8.97990792834347e-5
11.675,-0.00018366375200294313,-3.809507713913781e-5,-9.017419154245306e-5,-0.00021462978356086068,-0.000327009486373557,-0.00021462978356086068,-9.017419154245306e-5
11.700000000000001,-0.0001839722677336581,-3.8677349462674784e-5,-9.053528267228358e-5,-0.00021474391768527628,-0.00032702967865344096,-0.0002147439176852764,-9.053528267228348e-5
11.725000000000001,-0.00018426194011873906,-3.9244501472609646e-5,-9.088253044010894e-5,-0.00021484125695580774,-0.0003270277036675339,-0.00021484125695580764,-9.088253044010894e-5
11.75,-0.0001845330137499099,-3.979672425019328e-5,-9.121611313208733e-5,-0.0002149220235681481,-0.00032700385535910155,-0.0002149220235681481,-9.121611313208733e-5
11.775,-0.0001847857337247363,-4.03342095224801e-5,-9.153620948459152e-5,-0.0002149864400277012,-0.0003269584280002149,-0.0002149864400277012,-9.153620948459152e-5
11.8,-0.00018502034555335618,-4.085714957935815e-5,-9.184299861470175e-5,-0.00021503472907371667,-0.0003268917161042851,-0.00021503472907371656,-9.184299861470175e-5
11.825000000000001,-0.00018523709507322416,-4.1365737188750156e-5,-9.213665994916044e-5,-0.00021506711360367648,-0.0003268040143233114,-0.00021506711360367648,-9.213665994916044e-5
11.850000000000001,-0.00018543622836228197,-4.186016552455926e-5,-9.241737316064634e-5,-0.0002150838165953872,-0.0003266956173460421,-0.0002150838165953872,-9.241737316064634e-5
11.875,-0.00018561799164569542,-4.234062809167509e-5,-9.268531810016544e-5,-0.00021508506103760537,-0.00032656681981888143,-0.00021508506103760537,-9.268531810016544e-5
11.9,-0.0001857826312228424,-4.28073186491136e-5,-9.294067473495534e-5,-0.0002150710698561323,-0.000326417916239,-0.0002150710698561323,-9.294067473495534e-5
11.925,-0.00018593039337693796,-4.326043114374559e-5,-9.318362308475569e-5,-0.00021504206584442538,-0.00032624920087293165,-0.00021504206584442538,-9.318362308475558e-5
11.950000000000001,-0.00018606152429636973,-4.37001596290956e-5,-9.341434315813104e-5,-0.0002149982715935016,-0.0003260609676659345,-0.0002149982715935016,-9.341434315813094e-5
11.975000000000001,-0.00018617626999798068,-4.412669820250039e-5,-9.363301489491346e-5,-0.0002149399094265685,-0.00032585351015547605,-0.0002149399094265685,-9.363301489491346e-5
12.0,-0.00018627487624395248,-4.45402409333547e-5,-9.383981810378877e-5,-0.00021486720133085324,-0.0003256271213888544,-0.00021486720133085324,-9.383981810378877e-5
